Sample,Evidence,Seq ID,Position,Mutation,Frequency,Annotation,Gene,Description
1_10p_v_vc17978,RA,NC_009083,"8,125:1",(T)78,1,intergenic(440/+477),A1S_3466/A1S_3467,resolvase/hypothetical protein
1_10p_v_vc17978,RA,NZ_CP012004,97721,AT,1,V179E(GTAGAA),ACX60_RS00440,glutaminefructose6phosphate aminotransferase
1_10p_v_vc17978,MCJC,NZ_CP012004,129758,"1,312bp",1,,ACX60_RS00590ACX60_RS00595,"ACX60_RS00590, ACX60_RS00595"
1_10p_v_vc17978,RA,NZ_CP012004,207638,GA,1,A382T(GCAACA),actP,cation acetate symporter
1_10p_v_vc17978,RA,NZ_CP012004,290392,AG,1,E292G(GAGGGG),ACX60_RS01385,energydependent translational throttle protein EttA
1_10p_v_vc17978,RA,NZ_CP012004,"524,616:1",+A,1,coding(103/1011nt),ACX60_RS02575,phosphohydrolase
1_10p_v_vc17978,RA,NZ_CP012004,807273,GA,1,P439P(CCGCCA),ACX60_RS03885,sirohydrochlorin ferrochelatase
1_10p_v_vc17978,RA,NZ_CP012004,887903,GT,1,G553V(GGTGTT),ACX60_RS04220,multidrug efflux RND transporter permease subunit
1_10p_v_vc17978,RA,NZ_CP012004,965789,CT,1,R226H(CGTCAT),ACX60_RS04575,"fructose 1,6bisphosphatase"
1_10p_v_vc17978,RA,NZ_CP012004,1075443,AT,1,N258I(AATATT),ACX60_RS05080,GTPase ObgE
1_10p_v_vc17978,RA,NZ_CP012004,1226257,GA,1,G12D(GGCGAC),ACX60_RS05695,membrane protein
1_10p_v_vc17978,RA,NZ_CP012004,1389346,TA,1,intergenic(63/521),ACX60_RS06475/ACX60_RS06480,hypothetical protein/protein CsuA/B
1_10p_v_vc17978,RA,NZ_CP012004,1685154,TC,1,M78T(ATGACG),ACX60_RS07925,"ditrans,polycisdecaprenylcistransferase"
1_10p_v_vc17978,RA,NZ_CP012004,2068076,TA,1,pseudogene(1127/1866nt),ACX60_RS09760,peptidylprolyl isomerase
1_10p_v_vc17978,RA,NZ_CP012004,2109791,CT,1,A55T(GCTACT),ACX60_RS09960,hypothetical protein
1_10p_v_vc17978,RA,NZ_CP012004,"2,135,294:1",+C,1,coding(1225/1338nt),ACX60_RS10125,DNA helicase
1_10p_v_vc17978,RA,NZ_CP012004,2172876,TG,1,F799V(TTTGTT),ACX60_RS10360,LPS biosynthesis protein
1_10p_v_vc17978,RA,NZ_CP012004,2189235,AG,1,intergenic(+316/91),ACX60_RS10445/ACX60_RS10450,NADdependent deacetylase/sodium:proline symporter
1_10p_v_vc17978,RA,NZ_CP012004,2236009,GA,1,intergenic(143/+394),ACX60_RS10680/ACX60_RS10685,ABC transporter substratebinding protein/glutathione Stransferase
1_10p_v_vc17978,RA,NZ_CP012004,2410784,CA,1,T2K(ACAAAA),ACX60_RS11490,aspartate:proton symporter
1_10p_v_vc17978,RA,NZ_CP012004,2821247,TA,1,L145Q(CTGCAG),ACX60_RS13410,hypothetical protein
1_10p_v_vc17978,RA,NZ_CP012004,3066627,TC,1,T524A(ACTGCT),ACX60_RS14560,NADHquinone oxidoreductase subunit M
1_10p_v_vc17978,RA,NZ_CP012004,3384892,1bp,1,intergenic(133/132),ACX60_RS15990/ACX60_RS15995,AraC family transcriptional regulator/translation initiation factor IF1
1_10p_v_vc17978,RA,NZ_CP012004,3384893,GA,1,intergenic(134/131),ACX60_RS15990/ACX60_RS15995,AraC family transcriptional regulator/translation initiation factor IF1
1_10p_v_vc17978,RA,NZ_CP012004,3429848,AT,1,H55L(CATCTT),ACX60_RS16215,electron transfer flavoproteinubiquinone oxidoreductase
1_10p_v_vc17978,RA,NZ_CP012004,3639090,AT,1,Y145N(TATAAT),ACX60_RS17155,YgiQ family radical SAM protein
1_10p_v_vc17978,RA,NZ_CP012004,3687288,AC,1,intergenic(53/+13),ACX60_RS17415/guaA,adenylyltransferase/GMP synthetase
1_10p_v_vc17978,MCJC,NZ_CP012004,3852237,(ATGGTG)98,1,coding(454459/987nt),ACX60_RS18160,cation transporter
1_10p_v_vc17978,RA,NZ_CP012004,472809,GT,0.076,I244I(ATCATA),ACX60_RS02305,membrane protein
1_10p_v_vc17978,RA,NZ_CP012004,563391,GA,0.067,G436S(GGCAGC),ACX60_RS02770,copper oxidase
1_10p_v_vc17978,RA,NZ_CP012004,1938518,AT,0.129,intergenic(425/+34),ACX60_RS09135/ACX60_RS09140,thiamine ABC transporter permease/hypothetical protein
1_10p_v_vc17978,RA,NZ_CP012004,1939476,TA,0.193,pseudogene(6/369nt),antC,anthranilate dioxygenase reductase
1_10p_v_vc17978,RA,NZ_CP012004,1939485,GC,0.667,pseudogene(15/369nt),antC,anthranilate dioxygenase reductase
1_10p_v_vc17978,RA,NZ_CP012004,1939486,GT,0.667,pseudogene(16/369nt),antC,anthranilate dioxygenase reductase
1_10p_v_vc17978,RA,NZ_CP012004,2215667,TC,0.087,R274R(CGTCGC),ACX60_RS10580,hypothetical protein
1_10p_v_vc17978,RA,NZ_CP012004,2215670,GT,0.087,G275G(GGGGGT),ACX60_RS10580,hypothetical protein
1_10p_v_vc17978,RA,NZ_CP012004,2215674,AG,0.084,N277D(AACGAC),ACX60_RS10580,hypothetical protein
1_10p_v_vc17978,RA,NZ_CP012004,2215676,CT,0.084,N277N(AACAAT),ACX60_RS10580,hypothetical protein
1_10p_v_vc17978,RA,NZ_CP012004,2215677,AT,0.087,I278L(ATATTA),ACX60_RS10580,hypothetical protein
1_10p_v_vc17978,RA,NZ_CP012004,2215679,AT,0.087,I278I(ATAATT),ACX60_RS10580,hypothetical protein
1_10p_v_vc17978,RA,NZ_CP012004,2215691,CT,0.097,D282D(GACGAT),ACX60_RS10580,hypothetical protein
1_10p_v_vc17978,RA,NZ_CP012004,2215694,CT,0.096,R283R(CGCCGT),ACX60_RS10580,hypothetical protein
1_10p_v_vc17978,RA,NZ_CP012004,2215698,CT,0.096,L285F(CTTTTT),ACX60_RS10580,hypothetical protein
1_10p_v_vc17978,RA,NZ_CP012004,2215700,TG,0.094,L285L(CTTCTG),ACX60_RS10580,hypothetical protein
1_10p_v_vc17978,RA,NZ_CP012004,2215703,TA,0.087,P286P(CCTCCA),ACX60_RS10580,hypothetical protein
1_10p_v_vc17978,RA,NZ_CP012004,2215706,CT,0.092,N287N(AACAAT),ACX60_RS10580,hypothetical protein
1_10p_v_vc17978,RA,NZ_CP012004,2215713,CG,0.156,L290V(CTCGTC),ACX60_RS10580,hypothetical protein
1_10p_v_vc17978,RA,NZ_CP012004,2215715,CG,0.16,L290L(CTCCTG),ACX60_RS10580,hypothetical protein
1_10p_v_vc17978,RA,NZ_CP012004,2215718,AT,0.165,G291G(GGAGGT),ACX60_RS10580,hypothetical protein
1_10p_v_vc17978,RA,NZ_CP012004,2215727,CA,0.213,P294P(CCCCCA),ACX60_RS10580,hypothetical protein
1_10p_v_vc17978,RA,NZ_CP012004,2215729,AG,0.206,Q295R(CAACGA),ACX60_RS10580,hypothetical protein
1_10p_v_vc17978,RA,NZ_CP012004,2215730,AT,0.206,Q295H(CAACAT),ACX60_RS10580,hypothetical protein
1_10p_v_vc17978,RA,NZ_CP012004,2215736,AT,0.225,R297R(CGACGT),ACX60_RS10580,hypothetical protein
1_10p_v_vc17978,RA,NZ_CP012004,2215740,TA,0.229,Y299N(TATAAT),ACX60_RS10580,hypothetical protein
1_10p_v_vc17978,RA,NZ_CP012004,2215763,AT,0.242,V306V(GTAGTT),ACX60_RS10580,hypothetical protein
1_10p_v_vc17978,RA,NZ_CP012004,2215766,GA,0.247,E307E(GAGGAA),ACX60_RS10580,hypothetical protein
1_10p_v_vc17978,RA,NZ_CP012004,2215769,AT,0.236,V308V(GTAGTT),ACX60_RS10580,hypothetical protein
1_10p_v_vc17978,RA,NZ_CP012004,2215772,TC,0.233,R309R(CGTCGC),ACX60_RS10580,hypothetical protein
1_10p_v_vc17978,RA,NZ_CP012004,2215775,GA,0.238,Q310Q(CAGCAA),ACX60_RS10580,hypothetical protein
1_10p_v_vc17978,RA,NZ_CP012004,2215781,AC,0.228,G312G(GGAGGC),ACX60_RS10580,hypothetical protein
1_10p_v_vc17978,RA,NZ_CP012004,2215782,AC,0.239,N313H(AATCAT),ACX60_RS10580,hypothetical protein
1_10p_v_vc17978,RA,NZ_CP012004,2215784,TA,0.234,N313K(AATAAA),ACX60_RS10580,hypothetical protein
1_10p_v_vc17978,RA,NZ_CP012004,2215785,TC,0.236,L314L(TTACTA),ACX60_RS10580,hypothetical protein
1_10p_v_vc17978,RA,NZ_CP012004,2215787,AT,0.236,L314F(TTATTT),ACX60_RS10580,hypothetical protein
1_10p_v_vc17978,RA,NZ_CP012004,2215799,GA,0.169,T318T(ACGACA),ACX60_RS10580,hypothetical protein
1_10p_v_vc17978,RA,NZ_CP012004,2215802,TA,0.166,T319T(ACTACA),ACX60_RS10580,hypothetical protein
1_10p_v_vc17978,RA,NZ_CP012004,2215803,CG,0.166,L320V(CTTGTT),ACX60_RS10580,hypothetical protein
1_10p_v_vc17978,RA,NZ_CP012004,2215805,TA,0.162,L320L(CTTCTA),ACX60_RS10580,hypothetical protein
1_10p_v_vc17978,RA,NZ_CP012004,2215806,AG,0.174,T321A(ACAGCA),ACX60_RS10580,hypothetical protein
1_10p_v_vc17978,RA,NZ_CP012004,2215808,AT,0.174,T321T(ACAACT),ACX60_RS10580,hypothetical protein
1_10p_v_vc17978,RA,NZ_CP012004,2215811,CA,0.178,P322P(CCCCCA),ACX60_RS10580,hypothetical protein
1_10p_v_vc17978,RA,NZ_CP012004,2215814,GT,0.178,G323G(GGGGGT),ACX60_RS10580,hypothetical protein
1_10p_v_vc17978,RA,NZ_CP012004,2215816,GA,0.18,S324N(AGTAAT),ACX60_RS10580,hypothetical protein
1_10p_v_vc17978,RA,NZ_CP012004,2215817,TC,0.185,S324S(AGTAGC),ACX60_RS10580,hypothetical protein
1_10p_v_vc17978,RA,NZ_CP012004,2215832,TC,0.171,D329D(GATGAC),ACX60_RS10580,hypothetical protein
1_10p_v_vc17978,RA,NZ_CP012004,2215838,TC,0.145,Y331Y(TATTAC),ACX60_RS10580,hypothetical protein
1_10p_v_vc17978,RA,NZ_CP012004,2215841,CT,0.145,P332P(CCCCCT),ACX60_RS10580,hypothetical protein
1_10p_v_vc17978,RA,NZ_CP012004,2215844,AT,0.144,T333T(ACAACT),ACX60_RS10580,hypothetical protein
1_10p_v_vc17978,RA,NZ_CP012004,2215847,CT,0.118,G334G(GGCGGT),ACX60_RS10580,hypothetical protein
1_10p_v_vc17978,RA,NZ_CP012004,2215850,CT,0.11,F335F(TTCTTT),ACX60_RS10580,hypothetical protein
1_10p_v_vc17978,RA,NZ_CP012004,2215856,CA,0.095,G337G(GGCGGA),ACX60_RS10580,hypothetical protein
1_10p_v_vc17978,RA,NZ_CP012004,2215860,TA,0.064,L339I(TTAATA),ACX60_RS10580,hypothetical protein
1_10p_v_vc17978,RA,NZ_CP012004,2215862,AT,0.064,L339F(TTATTT),ACX60_RS10580,hypothetical protein
1_10p_v_vc17978,RA,NZ_CP012004,2215863,CG,0.065,Q340E(CAAGAA),ACX60_RS10580,hypothetical protein
1_10p_v_vc17978,RA,NZ_CP012004,2824295,AG,0.069,G439G(GGTGGC),ACX60_RS13425,RNA degradosome polyphosphate kinase
1_10p_v_vc17978,RA,NZ_CP012004,2824298,CA,0.072,V438V(GTGGTT),ACX60_RS13425,RNA degradosome polyphosphate kinase
1_10p_v_vc17978,RA,NZ_CP012004,2824304,AG,0.089,G436G(GGTGGC),ACX60_RS13425,RNA degradosome polyphosphate kinase
1_10p_v_vc17978,RA,NZ_CP012004,2824307,GA,0.086,Y435Y(TACTAT),ACX60_RS13425,RNA degradosome polyphosphate kinase
1_10p_v_vc17978,RA,NZ_CP012004,2824310,AC,0.106,V434V(GTTGTG),ACX60_RS13425,RNA degradosome polyphosphate kinase
1_10p_v_vc17978,RA,NZ_CP012004,2824313,AC,0.093,V433V(GTTGTG),ACX60_RS13425,RNA degradosome polyphosphate kinase
1_10p_v_vc17978,RA,NZ_CP012004,2824319,TG,0.108,A431A(GCAGCC),ACX60_RS13425,RNA degradosome polyphosphate kinase
1_10p_v_vc17978,RA,NZ_CP012004,2824322,CG,0.164,G430G(GGGGGC),ACX60_RS13425,RNA degradosome polyphosphate kinase
1_10p_v_vc17978,RA,NZ_CP012004,2824325,TA,0.162,A429A(GCAGCT),ACX60_RS13425,RNA degradosome polyphosphate kinase
1_10p_v_vc17978,RA,NZ_CP012004,2824334,TC,0.241,L426L(TTATTG),ACX60_RS13425,RNA degradosome polyphosphate kinase
1_10p_v_vc17978,RA,NZ_CP012004,2824346,CG,0.259,V422V(GTGGTC),ACX60_RS13425,RNA degradosome polyphosphate kinase
1_10p_v_vc17978,RA,NZ_CP012004,2824352,GA,0.264,I420I(ATCATT),ACX60_RS13425,RNA degradosome polyphosphate kinase
1_10p_v_vc17978,RA,NZ_CP012004,2824358,CT,0.336,S418S(TCGTCA),ACX60_RS13425,RNA degradosome polyphosphate kinase
1_10p_v_vc17978,RA,NZ_CP012004,2824361,CT,0.34,E417E(GAGGAA),ACX60_RS13425,RNA degradosome polyphosphate kinase
1_10p_v_vc17978,RA,NZ_CP012004,2824370,GA,0.371,F414F(TTCTTT),ACX60_RS13425,RNA degradosome polyphosphate kinase
1_10p_v_vc17978,RA,NZ_CP012004,2824376,GT,0.396,A412A(GCCGCA),ACX60_RS13425,RNA degradosome polyphosphate kinase
1_10p_v_vc17978,RA,NZ_CP012004,2824379,AC,0.393,R411R(CGTCGG),ACX60_RS13425,RNA degradosome polyphosphate kinase
1_10p_v_vc17978,RA,NZ_CP012004,2824382,TC,0.386,L410L(TTATTG),ACX60_RS13425,RNA degradosome polyphosphate kinase
1_10p_v_vc17978,RA,NZ_CP012004,2824385,TC,0.376,E409E(GAAGAG),ACX60_RS13425,RNA degradosome polyphosphate kinase
1_10p_v_vc17978,RA,NZ_CP012004,2824391,TA,0.411,V407V(GTAGTT),ACX60_RS13425,RNA degradosome polyphosphate kinase
1_10p_v_vc17978,RA,NZ_CP012004,2824397,CG,0.424,T405T(ACGACC),ACX60_RS13425,RNA degradosome polyphosphate kinase
1_10p_v_vc17978,RA,NZ_CP012004,2824421,GA,0.458,A397A(GCCGCT),ACX60_RS13425,RNA degradosome polyphosphate kinase
1_10p_v_vc17978,RA,NZ_CP012004,2824430,TA,0.408,L394F(TTATTT),ACX60_RS13425,RNA degradosome polyphosphate kinase
1_10p_v_vc17978,RA,NZ_CP012004,2824432,AG,0.413,L394L(TTACTA),ACX60_RS13425,RNA degradosome polyphosphate kinase
1_10p_v_vc17978,RA,NZ_CP012004,2824433,AT,0.412,V393V(GTTGTA),ACX60_RS13425,RNA degradosome polyphosphate kinase
1_10p_v_vc17978,RA,NZ_CP012004,2824435,CG,0.409,V393L(GTTCTT),ACX60_RS13425,RNA degradosome polyphosphate kinase
1_10p_v_vc17978,RA,NZ_CP012004,2824436,TC,0.412,Q392Q(CAACAG),ACX60_RS13425,RNA degradosome polyphosphate kinase
1_10p_v_vc17978,RA,NZ_CP012004,2824439,AT,0.416,V391V(GTTGTA),ACX60_RS13425,RNA degradosome polyphosphate kinase
1_10p_v_vc17978,RA,NZ_CP012004,2824442,AG,0.419,I390I(ATTATC),ACX60_RS13425,RNA degradosome polyphosphate kinase
1_10p_v_vc17978,RA,NZ_CP012004,2824453,CT,0.368,D387N(GACAAC),ACX60_RS13425,RNA degradosome polyphosphate kinase
1_10p_v_vc17978,RA,NZ_CP012004,2824454,TG,0.371,A386A(GCAGCC),ACX60_RS13425,RNA degradosome polyphosphate kinase
1_10p_v_vc17978,RA,NZ_CP012004,2824457,GA,0.371,G385G(GGCGGT),ACX60_RS13425,RNA degradosome polyphosphate kinase
1_10p_v_vc17978,RA,NZ_CP012004,2824466,AG,0.323,Y382Y(TATTAC),ACX60_RS13425,RNA degradosome polyphosphate kinase
1_10p_v_vc17978,RA,NZ_CP012004,2824469,AT,0.228,L381L(CTTCTA),ACX60_RS13425,RNA degradosome polyphosphate kinase
1_10p_v_vc17978,RA,NZ_CP012004,2824471,GA,0.242,L381F(CTTTTT),ACX60_RS13425,RNA degradosome polyphosphate kinase
1_10p_v_vc17978,RA,NZ_CP012004,2824472,TG,0.242,T380T(ACAACC),ACX60_RS13425,RNA degradosome polyphosphate kinase
1_10p_v_vc17978,RA,NZ_CP012004,2824475,CT,0.227,Q379Q(CAGCAA),ACX60_RS13425,RNA degradosome polyphosphate kinase
1_10p_v_vc17978,RA,NZ_CP012004,2824487,GT,0.224,L375L(CTCCTA),ACX60_RS13425,RNA degradosome polyphosphate kinase
1_10p_v_vc17978,RA,NZ_CP012004,2824489,GA,0.224,L375F(CTCTTC),ACX60_RS13425,RNA degradosome polyphosphate kinase
1_10p_v_vc17978,RA,NZ_CP012004,2824490,TA,0.223,V374V(GTAGTT),ACX60_RS13425,RNA degradosome polyphosphate kinase
1_10p_v_vc17978,RA,NZ_CP012004,2824493,TA,0.211,Q373H(CAACAT),ACX60_RS13425,RNA degradosome polyphosphate kinase
1_10p_v_vc17978,RA,NZ_CP012004,2824495,GT,0.216,Q373K(CAAAAA),ACX60_RS13425,RNA degradosome polyphosphate kinase
1_10p_v_vc17978,RA,NZ_CP012004,2824502,AT,0.182,R370R(CGTCGA),ACX60_RS13425,RNA degradosome polyphosphate kinase
1_10p_v_vc17978,RA,NZ_CP012004,2824503,CT,0.187,R370H(CGTCAT),ACX60_RS13425,RNA degradosome polyphosphate kinase
1_10p_v_vc17978,RA,NZ_CP012004,2824508,TA,0.194,A368A(GCAGCT),ACX60_RS13425,RNA degradosome polyphosphate kinase
1_10p_v_vc17978,RA,NZ_CP012004,2824514,AC,0.185,R366R(CGTCGG),ACX60_RS13425,RNA degradosome polyphosphate kinase
1_10p_v_vc17978,RA,NZ_CP012004,2824517,GA,0.178,L365L(CTCCTT),ACX60_RS13425,RNA degradosome polyphosphate kinase
1_10p_v_vc17978,RA,NZ_CP012004,2824520,TG,0.167,L364F(TTATTC),ACX60_RS13425,RNA degradosome polyphosphate kinase
1_10p_v_vc17978,RA,NZ_CP012004,2824525,GT,0.129,Q363K(CAGAAG),ACX60_RS13425,RNA degradosome polyphosphate kinase
1_10p_v_vc17978,RA,NZ_CP012004,2824526,AG,0.126,I362I(ATTATC),ACX60_RS13425,RNA degradosome polyphosphate kinase
1_10p_v_vc17978,RA,NZ_CP012004,2824544,CA,0.091,E356D(GAGGAT),ACX60_RS13425,RNA degradosome polyphosphate kinase
1_10p_v_vc17978,RA,NZ_CP012004,2824553,GA,0.06,H353H(CACCAT),ACX60_RS13425,RNA degradosome polyphosphate kinase
1_10p_v_vc17978,RA,NZ_CP012004,2825033,TC,0.065,P193P(CCACCG),ACX60_RS13425,RNA degradosome polyphosphate kinase
1_10p_v_vc17978,RA,NZ_CP012004,2825036,GT,0.066,A192A(GCCGCA),ACX60_RS13425,RNA degradosome polyphosphate kinase
1_10p_v_vc17978,RA,NZ_CP012004,2825039,GC,0.066,P191P(CCCCCG),ACX60_RS13425,RNA degradosome polyphosphate kinase
1_10p_v_vc17978,RA,NZ_CP012004,2825042,TC,0.065,V190V(GTAGTG),ACX60_RS13425,RNA degradosome polyphosphate kinase
1_10p_v_vc17978,RA,NZ_CP012004,2825047,CT,0.069,V189I(GTTATT),ACX60_RS13425,RNA degradosome polyphosphate kinase
1_10p_v_vc17978,RA,NZ_CP012004,2825048,GA,0.069,A188A(GCCGCT),ACX60_RS13425,RNA degradosome polyphosphate kinase
1_10p_v_vc17978,RA,NZ_CP012004,2825051,CT,0.069,L187L(TTGTTA),ACX60_RS13425,RNA degradosome polyphosphate kinase
1_10p_v_vc17978,RA,NZ_CP012004,2825063,TA,0.123,R183R(CGACGT),ACX60_RS13425,RNA degradosome polyphosphate kinase
1_10p_v_vc17978,RA,NZ_CP012004,2825069,GA,0.153,F181F(TTCTTT),ACX60_RS13425,RNA degradosome polyphosphate kinase
1_10p_v_vc17978,RA,NZ_CP012004,2825072,CA,0.141,A180A(GCGGCT),ACX60_RS13425,RNA degradosome polyphosphate kinase
1_10p_v_vc17978,RA,NZ_CP012004,2825075,AG,0.146,D179D(GATGAC),ACX60_RS13425,RNA degradosome polyphosphate kinase
1_10p_v_vc17978,RA,NZ_CP012004,2825093,CT,0.175,V173V(GTGGTA),ACX60_RS13425,RNA degradosome polyphosphate kinase
1_10p_v_vc17978,RA,NZ_CP012004,2825099,AG,0.164,F171F(TTTTTC),ACX60_RS13425,RNA degradosome polyphosphate kinase
1_10p_v_vc17978,RA,NZ_CP012004,2825105,AT,0.174,L169L(CTTCTA),ACX60_RS13425,RNA degradosome polyphosphate kinase
1_10p_v_vc17978,RA,NZ_CP012004,2825108,GA,0.166,S168S(AGCAGT),ACX60_RS13425,RNA degradosome polyphosphate kinase
1_10p_v_vc17978,RA,NZ_CP012004,2825120,TC,0.173,L164L(TTATTG),ACX60_RS13425,RNA degradosome polyphosphate kinase
1_10p_v_vc17978,RA,NZ_CP012004,2825122,AG,0.176,L164L(TTACTA),ACX60_RS13425,RNA degradosome polyphosphate kinase
1_10p_v_vc17978,RA,NZ_CP012004,2825123,AC,0.176,R163R(CGTCGG),ACX60_RS13425,RNA degradosome polyphosphate kinase
1_10p_v_vc17978,RA,NZ_CP012004,2825126,CT,0.177,P162P(CCGCCA),ACX60_RS13425,RNA degradosome polyphosphate kinase
1_10p_v_vc17978,RA,NZ_CP012004,2825129,GA,0.176,F161F(TTCTTT),ACX60_RS13425,RNA degradosome polyphosphate kinase
1_10p_v_vc17978,RA,NZ_CP012004,2825138,GT,0.176,A158A(GCCGCA),ACX60_RS13425,RNA degradosome polyphosphate kinase
1_10p_v_vc17978,RA,NZ_CP012004,2825149,AG,0.162,L155L(TTACTA),ACX60_RS13425,RNA degradosome polyphosphate kinase
1_10p_v_vc17978,RA,NZ_CP012004,2825159,AC,0.073,T151T(ACTACG),ACX60_RS13425,RNA degradosome polyphosphate kinase
1_10p_v_vc17978,RA,NZ_CP012004,3049039,GT,0.072,D26E(GACGAA),ACX60_RS14465,hypothetical protein
1_10p_v_vc17978,RA,NZ_CP012005,91905,AC,0.13,D22A(GACGCC),ACX60_RS18710,resolvase
vc17978p_v_vc17978,RA,NC_009083,"8,125",(T)78,1,intergenic(440/+477),A1S_3466/A1S_3467,resolvase/hypothetical protein
vc17978p_v_vc17978,RA,NZ_CP012004,97721,AT,1,V179E(GTAGAA),ACX60_RS00440,glutaminefructose6phosphate aminotransferase
vc17978p_v_vc17978,MCJC,NZ_CP012004,129758,"1,312bp",1,,ACX60_RS00590ACX60_RS00595,"ACX60_RS00590, ACX60_RS00595"
vc17978p_v_vc17978,RA,NZ_CP012004,207638,GA,1,A382T(GCAACA),actP,cation acetate symporter
vc17978p_v_vc17978,RA,NZ_CP012004,"524,616",+A,1,coding(103/1011nt),ACX60_RS02575,phosphohydrolase
vc17978p_v_vc17978,RA,NZ_CP012004,807273,GA,1,P439P(CCGCCA),ACX60_RS03885,sirohydrochlorin ferrochelatase
vc17978p_v_vc17978,RA,NZ_CP012004,887903,GT,1,G553V(GGTGTT),ACX60_RS04220,multidrug efflux RND transporter permease subunit
vc17978p_v_vc17978,RA,NZ_CP012004,1075443,AT,1,N258I(AATATT),ACX60_RS05080,GTPase ObgE
vc17978p_v_vc17978,RA,NZ_CP012004,1226257,GA,1,G12D(GGCGAC),ACX60_RS05695,membrane protein
vc17978p_v_vc17978,RA,NZ_CP012004,1389346,TA,1,intergenic(63/521),ACX60_RS06475/ACX60_RS06480,hypothetical protein/protein CsuA/B
vc17978p_v_vc17978,RA,NZ_CP012004,1685154,TC,1,M78T(ATGACG),ACX60_RS07925,"ditrans,polycisdecaprenylcistransferase"
vc17978p_v_vc17978,RA,NZ_CP012004,2068076,TA,1,pseudogene(1127/1866nt),ACX60_RS09760,peptidylprolyl isomerase
vc17978p_v_vc17978,RA,NZ_CP012004,2109791,CT,1,A55T(GCTACT),ACX60_RS09960,hypothetical protein
vc17978p_v_vc17978,RA,NZ_CP012004,"2,135,294",+C,1,coding(1225/1338nt),ACX60_RS10125,DNA helicase
vc17978p_v_vc17978,RA,NZ_CP012004,2172876,TG,1,F799V(TTTGTT),ACX60_RS10360,LPS biosynthesis protein
vc17978p_v_vc17978,RA,NZ_CP012004,2189235,AG,1,intergenic(+316/91),ACX60_RS10445/ACX60_RS10450,NADdependent deacetylase/sodium:proline symporter
vc17978p_v_vc17978,RA,NZ_CP012004,2236009,GA,1,intergenic(143/+394),ACX60_RS10680/ACX60_RS10685,ABC transporter substratebinding protein/glutathione Stransferase
vc17978p_v_vc17978,RA,NZ_CP012004,2410784,CA,1,T2K(ACAAAA),ACX60_RS11490,aspartate:proton symporter
vc17978p_v_vc17978,RA,NZ_CP012004,2821247,TA,1,L145Q(CTGCAG),ACX60_RS13410,hypothetical protein
vc17978p_v_vc17978,RA,NZ_CP012004,3066627,TC,1,T524A(ACTGCT),ACX60_RS14560,NADHquinone oxidoreductase subunit M
vc17978p_v_vc17978,RA,NZ_CP012004,3384892,1bp,1,intergenic(133/132),ACX60_RS15990/ACX60_RS15995,AraC family transcriptional regulator/translation initiation factor IF1
vc17978p_v_vc17978,RA,NZ_CP012004,3384893,GA,1,intergenic(134/131),ACX60_RS15990/ACX60_RS15995,AraC family transcriptional regulator/translation initiation factor IF1
vc17978p_v_vc17978,RA,NZ_CP012004,3429848,AT,1,H55L(CATCTT),ACX60_RS16215,electron transfer flavoproteinubiquinone oxidoreductase
vc17978p_v_vc17978,RA,NZ_CP012004,3639090,AT,1,Y145N(TATAAT),ACX60_RS17155,YgiQ family radical SAM protein
vc17978p_v_vc17978,RA,NZ_CP012004,3687288,AC,1,intergenic(53/+13),ACX60_RS17415/guaA,adenylyltransferase/GMP synthetase
vc17978p_v_vc17978,RA,NZ_CP012004,1938518,AT,0.166,intergenic(425/+34),ACX60_RS09135/ACX60_RS09140,thiamine ABC transporter permease/hypothetical protein
vc17978p_v_vc17978,RA,NZ_CP012004,1939476,TA,0.2,pseudogene(6/369nt),antC,anthranilate dioxygenase reductase
vc17978p_v_vc17978,RA,NZ_CP012004,1939485,GC,0.582,pseudogene(15/369nt),antC,anthranilate dioxygenase reductase
vc17978p_v_vc17978,RA,NZ_CP012004,1939486,GT,0.582,pseudogene(16/369nt),antC,anthranilate dioxygenase reductase
vc17978p_v_vc17978,RA,NZ_CP012004,2016623,TA,0.056,intergenic(256/+244),ACX60_RS09525/ACX60_RS09530,hypothetical protein/hypothetical protein
vc17978p_v_vc17978,RA,NZ_CP012004,2215667,TC,0.106,R274R(CGTCGC),ACX60_RS10580,hypothetical protein
vc17978p_v_vc17978,RA,NZ_CP012004,2215670,GT,0.107,G275G(GGGGGT),ACX60_RS10580,hypothetical protein
vc17978p_v_vc17978,RA,NZ_CP012004,2215674,AG,0.106,N277D(AACGAC),ACX60_RS10580,hypothetical protein
vc17978p_v_vc17978,RA,NZ_CP012004,2215676,CT,0.101,N277N(AACAAT),ACX60_RS10580,hypothetical protein
vc17978p_v_vc17978,RA,NZ_CP012004,2215677,AT,0.107,I278L(ATATTA),ACX60_RS10580,hypothetical protein
vc17978p_v_vc17978,RA,NZ_CP012004,2215679,AT,0.106,I278I(ATAATT),ACX60_RS10580,hypothetical protein
vc17978p_v_vc17978,RA,NZ_CP012004,2215691,CT,0.122,D282D(GACGAT),ACX60_RS10580,hypothetical protein
vc17978p_v_vc17978,RA,NZ_CP012004,2215694,CT,0.127,R283R(CGCCGT),ACX60_RS10580,hypothetical protein
vc17978p_v_vc17978,RA,NZ_CP012004,2215698,CT,0.125,L285F(CTTTTT),ACX60_RS10580,hypothetical protein
vc17978p_v_vc17978,RA,NZ_CP012004,2215700,TG,0.123,L285L(CTTCTG),ACX60_RS10580,hypothetical protein
vc17978p_v_vc17978,RA,NZ_CP012004,2215703,TA,0.12,P286P(CCTCCA),ACX60_RS10580,hypothetical protein
vc17978p_v_vc17978,RA,NZ_CP012004,2215706,CT,0.128,N287N(AACAAT),ACX60_RS10580,hypothetical protein
vc17978p_v_vc17978,RA,NZ_CP012004,2215713,CG,0.221,L290V(CTCGTC),ACX60_RS10580,hypothetical protein
vc17978p_v_vc17978,RA,NZ_CP012004,2215715,CG,0.227,L290L(CTCCTG),ACX60_RS10580,hypothetical protein
vc17978p_v_vc17978,RA,NZ_CP012004,2215718,AT,0.237,G291G(GGAGGT),ACX60_RS10580,hypothetical protein
vc17978p_v_vc17978,RA,NZ_CP012004,2215727,CA,0.288,P294P(CCCCCA),ACX60_RS10580,hypothetical protein
vc17978p_v_vc17978,RA,NZ_CP012004,2215729,AG,0.274,Q295R(CAACGA),ACX60_RS10580,hypothetical protein
vc17978p_v_vc17978,RA,NZ_CP012004,2215730,AT,0.277,Q295H(CAACAT),ACX60_RS10580,hypothetical protein
vc17978p_v_vc17978,RA,NZ_CP012004,2215736,AT,0.288,R297R(CGACGT),ACX60_RS10580,hypothetical protein
vc17978p_v_vc17978,RA,NZ_CP012004,2215740,TA,0.297,Y299N(TATAAT),ACX60_RS10580,hypothetical protein
vc17978p_v_vc17978,RA,NZ_CP012004,2215763,AT,0.321,V306V(GTAGTT),ACX60_RS10580,hypothetical protein
vc17978p_v_vc17978,RA,NZ_CP012004,2215766,GA,0.332,E307E(GAGGAA),ACX60_RS10580,hypothetical protein
vc17978p_v_vc17978,RA,NZ_CP012004,2215769,AT,0.318,V308V(GTAGTT),ACX60_RS10580,hypothetical protein
vc17978p_v_vc17978,RA,NZ_CP012004,2215772,TC,0.312,R309R(CGTCGC),ACX60_RS10580,hypothetical protein
vc17978p_v_vc17978,RA,NZ_CP012004,2215775,GA,0.319,Q310Q(CAGCAA),ACX60_RS10580,hypothetical protein
vc17978p_v_vc17978,RA,NZ_CP012004,2215781,AC,0.31,G312G(GGAGGC),ACX60_RS10580,hypothetical protein
vc17978p_v_vc17978,RA,NZ_CP012004,2215782,AC,0.326,N313H(AATCAT),ACX60_RS10580,hypothetical protein
vc17978p_v_vc17978,RA,NZ_CP012004,2215784,TA,0.321,N313K(AATAAA),ACX60_RS10580,hypothetical protein
vc17978p_v_vc17978,RA,NZ_CP012004,2215785,TC,0.323,L314L(TTACTA),ACX60_RS10580,hypothetical protein
vc17978p_v_vc17978,RA,NZ_CP012004,2215787,AT,0.322,L314F(TTATTT),ACX60_RS10580,hypothetical protein
vc17978p_v_vc17978,RA,NZ_CP012004,2215799,GA,0.223,T318T(ACGACA),ACX60_RS10580,hypothetical protein
vc17978p_v_vc17978,RA,NZ_CP012004,2215802,TA,0.224,T319T(ACTACA),ACX60_RS10580,hypothetical protein
vc17978p_v_vc17978,RA,NZ_CP012004,2215803,CG,0.225,L320V(CTTGTT),ACX60_RS10580,hypothetical protein
vc17978p_v_vc17978,RA,NZ_CP012004,2215805,TA,0.214,L320L(CTTCTA),ACX60_RS10580,hypothetical protein
vc17978p_v_vc17978,RA,NZ_CP012004,2215806,AG,0.226,T321A(ACAGCA),ACX60_RS10580,hypothetical protein
vc17978p_v_vc17978,RA,NZ_CP012004,2215808,AT,0.23,T321T(ACAACT),ACX60_RS10580,hypothetical protein
vc17978p_v_vc17978,RA,NZ_CP012004,2215811,CA,0.233,P322P(CCCCCA),ACX60_RS10580,hypothetical protein
vc17978p_v_vc17978,RA,NZ_CP012004,2215814,GT,0.229,G323G(GGGGGT),ACX60_RS10580,hypothetical protein
vc17978p_v_vc17978,RA,NZ_CP012004,2215816,GA,0.226,S324N(AGTAAT),ACX60_RS10580,hypothetical protein
vc17978p_v_vc17978,RA,NZ_CP012004,2215817,TC,0.23,S324S(AGTAGC),ACX60_RS10580,hypothetical protein
vc17978p_v_vc17978,RA,NZ_CP012004,2215832,TC,0.222,D329D(GATGAC),ACX60_RS10580,hypothetical protein
vc17978p_v_vc17978,RA,NZ_CP012004,2215838,TC,0.154,Y331Y(TATTAC),ACX60_RS10580,hypothetical protein
vc17978p_v_vc17978,RA,NZ_CP012004,2215841,CT,0.131,P332P(CCCCCT),ACX60_RS10580,hypothetical protein
vc17978p_v_vc17978,RA,NZ_CP012004,2215844,AT,0.129,T333T(ACAACT),ACX60_RS10580,hypothetical protein
vc17978p_v_vc17978,RA,NZ_CP012004,2215847,CT,0.095,G334G(GGCGGT),ACX60_RS10580,hypothetical protein
vc17978p_v_vc17978,RA,NZ_CP012004,2215850,CT,0.079,F335F(TTCTTT),ACX60_RS10580,hypothetical protein
vc17978p_v_vc17978,RA,NZ_CP012004,2215856,CA,0.075,G337G(GGCGGA),ACX60_RS10580,hypothetical protein
vc17978p_v_vc17978,RA,NZ_CP012004,2824295,AG,0.064,G439G(GGTGGC),ACX60_RS13425,RNA degradosome polyphosphate kinase
vc17978p_v_vc17978,RA,NZ_CP012004,2824298,CA,0.065,V438V(GTGGTT),ACX60_RS13425,RNA degradosome polyphosphate kinase
vc17978p_v_vc17978,RA,NZ_CP012004,2824304,AG,0.082,G436G(GGTGGC),ACX60_RS13425,RNA degradosome polyphosphate kinase
vc17978p_v_vc17978,RA,NZ_CP012004,2824307,GA,0.082,Y435Y(TACTAT),ACX60_RS13425,RNA degradosome polyphosphate kinase
vc17978p_v_vc17978,RA,NZ_CP012004,2824310,AC,0.092,V434V(GTTGTG),ACX60_RS13425,RNA degradosome polyphosphate kinase
vc17978p_v_vc17978,RA,NZ_CP012004,2824313,AC,0.097,V433V(GTTGTG),ACX60_RS13425,RNA degradosome polyphosphate kinase
vc17978p_v_vc17978,RA,NZ_CP012004,2824319,TG,0.103,A431A(GCAGCC),ACX60_RS13425,RNA degradosome polyphosphate kinase
vc17978p_v_vc17978,RA,NZ_CP012004,2824322,CG,0.207,G430G(GGGGGC),ACX60_RS13425,RNA degradosome polyphosphate kinase
vc17978p_v_vc17978,RA,NZ_CP012004,2824325,TA,0.195,A429A(GCAGCT),ACX60_RS13425,RNA degradosome polyphosphate kinase
vc17978p_v_vc17978,RA,NZ_CP012004,2824334,TC,0.275,L426L(TTATTG),ACX60_RS13425,RNA degradosome polyphosphate kinase
vc17978p_v_vc17978,RA,NZ_CP012004,2824346,CG,0.319,V422V(GTGGTC),ACX60_RS13425,RNA degradosome polyphosphate kinase
vc17978p_v_vc17978,RA,NZ_CP012004,2824352,GA,0.334,I420I(ATCATT),ACX60_RS13425,RNA degradosome polyphosphate kinase
vc17978p_v_vc17978,RA,NZ_CP012004,2824358,CT,0.377,S418S(TCGTCA),ACX60_RS13425,RNA degradosome polyphosphate kinase
vc17978p_v_vc17978,RA,NZ_CP012004,2824361,CT,0.389,E417E(GAGGAA),ACX60_RS13425,RNA degradosome polyphosphate kinase
vc17978p_v_vc17978,RA,NZ_CP012004,2824370,GA,0.408,F414F(TTCTTT),ACX60_RS13425,RNA degradosome polyphosphate kinase
vc17978p_v_vc17978,RA,NZ_CP012004,2824376,GT,0.426,A412A(GCCGCA),ACX60_RS13425,RNA degradosome polyphosphate kinase
vc17978p_v_vc17978,RA,NZ_CP012004,2824379,AC,0.43,R411R(CGTCGG),ACX60_RS13425,RNA degradosome polyphosphate kinase
vc17978p_v_vc17978,RA,NZ_CP012004,2824382,TC,0.419,L410L(TTATTG),ACX60_RS13425,RNA degradosome polyphosphate kinase
vc17978p_v_vc17978,RA,NZ_CP012004,2824385,TC,0.41,E409E(GAAGAG),ACX60_RS13425,RNA degradosome polyphosphate kinase
vc17978p_v_vc17978,RA,NZ_CP012004,2824391,TA,0.446,V407V(GTAGTT),ACX60_RS13425,RNA degradosome polyphosphate kinase
vc17978p_v_vc17978,RA,NZ_CP012004,2824397,CG,0.452,T405T(ACGACC),ACX60_RS13425,RNA degradosome polyphosphate kinase
vc17978p_v_vc17978,RA,NZ_CP012004,2824421,GA,0.474,A397A(GCCGCT),ACX60_RS13425,RNA degradosome polyphosphate kinase
vc17978p_v_vc17978,RA,NZ_CP012004,2824430,TA,0.418,L394F(TTATTT),ACX60_RS13425,RNA degradosome polyphosphate kinase
vc17978p_v_vc17978,RA,NZ_CP012004,2824432,AG,0.426,L394L(TTACTA),ACX60_RS13425,RNA degradosome polyphosphate kinase
vc17978p_v_vc17978,RA,NZ_CP012004,2824433,AT,0.426,V393V(GTTGTA),ACX60_RS13425,RNA degradosome polyphosphate kinase
vc17978p_v_vc17978,RA,NZ_CP012004,2824435,CG,0.419,V393L(GTTCTT),ACX60_RS13425,RNA degradosome polyphosphate kinase
vc17978p_v_vc17978,RA,NZ_CP012004,2824436,TC,0.427,Q392Q(CAACAG),ACX60_RS13425,RNA degradosome polyphosphate kinase
vc17978p_v_vc17978,RA,NZ_CP012004,2824439,AT,0.424,V391V(GTTGTA),ACX60_RS13425,RNA degradosome polyphosphate kinase
vc17978p_v_vc17978,RA,NZ_CP012004,2824442,AG,0.427,I390I(ATTATC),ACX60_RS13425,RNA degradosome polyphosphate kinase
vc17978p_v_vc17978,RA,NZ_CP012004,2824453,CT,0.367,D387N(GACAAC),ACX60_RS13425,RNA degradosome polyphosphate kinase
vc17978p_v_vc17978,RA,NZ_CP012004,2824454,TG,0.37,A386A(GCAGCC),ACX60_RS13425,RNA degradosome polyphosphate kinase
vc17978p_v_vc17978,RA,NZ_CP012004,2824457,GA,0.366,G385G(GGCGGT),ACX60_RS13425,RNA degradosome polyphosphate kinase
vc17978p_v_vc17978,RA,NZ_CP012004,2824466,AG,0.307,Y382Y(TATTAC),ACX60_RS13425,RNA degradosome polyphosphate kinase
vc17978p_v_vc17978,RA,NZ_CP012004,2824469,AT,0.196,L381L(CTTCTA),ACX60_RS13425,RNA degradosome polyphosphate kinase
vc17978p_v_vc17978,RA,NZ_CP012004,2824471,GA,0.207,L381F(CTTTTT),ACX60_RS13425,RNA degradosome polyphosphate kinase
vc17978p_v_vc17978,RA,NZ_CP012004,2824472,TG,0.207,T380T(ACAACC),ACX60_RS13425,RNA degradosome polyphosphate kinase
vc17978p_v_vc17978,RA,NZ_CP012004,2824475,CT,0.195,Q379Q(CAGCAA),ACX60_RS13425,RNA degradosome polyphosphate kinase
vc17978p_v_vc17978,RA,NZ_CP012004,2824487,GT,0.168,L375L(CTCCTA),ACX60_RS13425,RNA degradosome polyphosphate kinase
vc17978p_v_vc17978,RA,NZ_CP012004,2824489,GA,0.169,L375F(CTCTTC),ACX60_RS13425,RNA degradosome polyphosphate kinase
vc17978p_v_vc17978,RA,NZ_CP012004,2824490,TA,0.169,V374V(GTAGTT),ACX60_RS13425,RNA degradosome polyphosphate kinase
vc17978p_v_vc17978,RA,NZ_CP012004,2824493,TA,0.155,Q373H(CAACAT),ACX60_RS13425,RNA degradosome polyphosphate kinase
vc17978p_v_vc17978,RA,NZ_CP012004,2824495,GT,0.155,Q373K(CAAAAA),ACX60_RS13425,RNA degradosome polyphosphate kinase
vc17978p_v_vc17978,RA,NZ_CP012004,2824502,AT,0.167,R370R(CGTCGA),ACX60_RS13425,RNA degradosome polyphosphate kinase
vc17978p_v_vc17978,RA,NZ_CP012004,2824503,CT,0.166,R370H(CGTCAT),ACX60_RS13425,RNA degradosome polyphosphate kinase
vc17978p_v_vc17978,RA,NZ_CP012004,2824508,TA,0.158,A368A(GCAGCT),ACX60_RS13425,RNA degradosome polyphosphate kinase
vc17978p_v_vc17978,RA,NZ_CP012004,2824514,AC,0.153,R366R(CGTCGG),ACX60_RS13425,RNA degradosome polyphosphate kinase
vc17978p_v_vc17978,RA,NZ_CP012004,2824517,GA,0.145,L365L(CTCCTT),ACX60_RS13425,RNA degradosome polyphosphate kinase
vc17978p_v_vc17978,RA,NZ_CP012004,2824520,TG,0.135,L364F(TTATTC),ACX60_RS13425,RNA degradosome polyphosphate kinase
vc17978p_v_vc17978,RA,NZ_CP012004,2824525,GT,0.139,Q363K(CAGAAG),ACX60_RS13425,RNA degradosome polyphosphate kinase
vc17978p_v_vc17978,RA,NZ_CP012004,2824526,AG,0.127,I362I(ATTATC),ACX60_RS13425,RNA degradosome polyphosphate kinase
vc17978p_v_vc17978,RA,NZ_CP012004,2824544,CA,0.102,E356D(GAGGAT),ACX60_RS13425,RNA degradosome polyphosphate kinase
vc17978p_v_vc17978,RA,NZ_CP012004,2824553,GA,0.085,H353H(CACCAT),ACX60_RS13425,RNA degradosome polyphosphate kinase
vc17978p_v_vc17978,RA,NZ_CP012004,2825039,GC,0.05,P191P(CCCCCG),ACX60_RS13425,RNA degradosome polyphosphate kinase
vc17978p_v_vc17978,RA,NZ_CP012004,2825047,CT,0.053,V189I(GTTATT),ACX60_RS13425,RNA degradosome polyphosphate kinase
vc17978p_v_vc17978,RA,NZ_CP012004,2825048,GA,0.053,A188A(GCCGCT),ACX60_RS13425,RNA degradosome polyphosphate kinase
vc17978p_v_vc17978,RA,NZ_CP012004,2825051,CT,0.053,L187L(TTGTTA),ACX60_RS13425,RNA degradosome polyphosphate kinase
vc17978p_v_vc17978,RA,NZ_CP012004,2825063,TA,0.108,R183R(CGACGT),ACX60_RS13425,RNA degradosome polyphosphate kinase
vc17978p_v_vc17978,RA,NZ_CP012004,2825069,GA,0.128,F181F(TTCTTT),ACX60_RS13425,RNA degradosome polyphosphate kinase
vc17978p_v_vc17978,RA,NZ_CP012004,2825072,CA,0.128,A180A(GCGGCT),ACX60_RS13425,RNA degradosome polyphosphate kinase
vc17978p_v_vc17978,RA,NZ_CP012004,2825075,AG,0.132,D179D(GATGAC),ACX60_RS13425,RNA degradosome polyphosphate kinase
vc17978p_v_vc17978,RA,NZ_CP012004,2825093,CT,0.175,V173V(GTGGTA),ACX60_RS13425,RNA degradosome polyphosphate kinase
vc17978p_v_vc17978,RA,NZ_CP012004,2825099,AG,0.172,F171F(TTTTTC),ACX60_RS13425,RNA degradosome polyphosphate kinase
vc17978p_v_vc17978,RA,NZ_CP012004,2825105,AT,0.173,L169L(CTTCTA),ACX60_RS13425,RNA degradosome polyphosphate kinase
vc17978p_v_vc17978,RA,NZ_CP012004,2825108,GA,0.175,S168S(AGCAGT),ACX60_RS13425,RNA degradosome polyphosphate kinase
vc17978p_v_vc17978,RA,NZ_CP012004,2825120,TC,0.188,L164L(TTATTG),ACX60_RS13425,RNA degradosome polyphosphate kinase
vc17978p_v_vc17978,RA,NZ_CP012004,2825122,AG,0.192,L164L(TTACTA),ACX60_RS13425,RNA degradosome polyphosphate kinase
vc17978p_v_vc17978,RA,NZ_CP012004,2825123,AC,0.197,R163R(CGTCGG),ACX60_RS13425,RNA degradosome polyphosphate kinase
vc17978p_v_vc17978,RA,NZ_CP012004,2825126,CT,0.194,P162P(CCGCCA),ACX60_RS13425,RNA degradosome polyphosphate kinase
vc17978p_v_vc17978,RA,NZ_CP012004,2825129,GA,0.189,F161F(TTCTTT),ACX60_RS13425,RNA degradosome polyphosphate kinase
vc17978p_v_vc17978,RA,NZ_CP012004,2825138,GT,0.156,A158A(GCCGCA),ACX60_RS13425,RNA degradosome polyphosphate kinase
vc17978p_v_vc17978,RA,NZ_CP012004,2825149,AG,0.138,L155L(TTACTA),ACX60_RS13425,RNA degradosome polyphosphate kinase
vc17978p_v_vc17978,RA,NZ_CP012004,2825159,AC,0.092,T151T(ACTACG),ACX60_RS13425,RNA degradosome polyphosphate kinase
vc17978p_v_vc17978,RA,NZ_CP012004,3049039,GT,0.092,D26E(GACGAA),ACX60_RS14465,hypothetical protein
vc17978p_v_vc17978,RA,NZ_CP012005,102583,1bp,0.058,coding(20/933nt),ACX60_RS18775,tyrosine recombinase